Descriptor,Model,Test R²,Test RMSE,Test MAE
ECFP4,Random Forest,0.4827935846545358,0.8741620464530085,0.6685217417959131
ECFP4,XGBoost,0.5215620149041826,0.8407615100868597,0.6509931423261851
MACCS,Random Forest,0.5549724933456855,0.8108740884564634,0.6209532982791017
MACCS,XGBoost,0.5667049223680654,0.8001140061096275,0.617296338380004
RDKit,Random Forest,0.4733024970195331,0.8821463162642149,0.6539858879234478
RDKit,XGBoost,0.48223863352113616,0.8746308990656201,0.6579440912167054
Combined,Random Forest,0.6724917548965861,0.6956184849437758,0.5197119462921175
Combined,XGBoost,0.6936346491202254,0.6727904501310468,0.5142624751468677
