Descriptor,Model,Test R²,Test RMSE,Test MAE
ECFP4,Random Forest,0.4827935846545358,0.8741620464530085,0.6685217417959131
ECFP4,XGBoost,0.4619996637156283,0.8915614230897551,0.6988442934123533
MACCS,Random Forest,0.5549724933456855,0.8108740884564634,0.6209532982791017
MACCS,XGBoost,0.5234678742271841,0.8390852509232801,0.6694659604328197
RDKit,Random Forest,0.4733024970195331,0.8821463162642149,0.6539858879234478
RDKit,XGBoost,0.4252954647768782,0.9214723482877809,0.7136181039655848
Combined,Random Forest,0.6724917548965861,0.6956184849437758,0.5197119462921175
Combined,XGBoost,0.6537133960602286,0.7152828969672381,0.5537263259459065
